#,ALPHABETICAL,NAME,OMEN,Arctic,Desert,Wood,Hills,Jungle,Mountain,Plains,Swamp,City,Sea,Cave,Astral,Chaos,Death,Law,Fey,Magic,Air,Earth,Fire,Water,culture 1,culture2,culture3,culture4,culture 5,culture 6,link,dgn state,dgn surfaces,dgn sound & smell,dgn temperature,Room 1,type 1,Description 1,Room 2 sleep,type 2,Description 2,Room 3 eat,type3,Description 3,Room 4 work,type 4,Description 4,Room 5 trap,type 5,Description 5,Room 6 boss,type 6,Description 6,Room feature 1,Room feature 2,Room feature 3,Room feature 4,Trace 1,Trace 2,Spoor,loot 1,loot 2,loot 3,Encounter 1,Encounter 2,Friend
0001,MEPHIT - Flame,FLAME MEPHIT,A random piece of clothing spontaneously catches on fire and you can see a brightening glow from beyond the exit.,FALSE,FALSE,FALSE,FALSE,FALSE,FALSE,FALSE,FALSE,FALSE,FALSE,TRUE,TRUE,FALSE,FALSE,FALSE,FALSE,TRUE,FALSE,FALSE,TRUE,FALSE,<a href='/monsters/mephit-fire'>FIRE MEPHITS</a> serving a lord from rdmFIRE,<a href='/monsters/mephit-fire'>FIRE MEPHITS</a> running an arena,<a href='/monsters/mephit-fire'>FIRE MEPHITS</a> starting wildfires,cowardly <a href='/monsters/mephit-fire'>FIRE MEPHITS</a>,a <a href='/monsters/mephit-fire'>FIRE MEPHIT</a> GANG,<a href='/monsters/mephit-fire'>FIRE MEPHITS</a> rumored to serve a <a href='/monsters/wizard'>WIZARD</a>,<a href='/monsters/mephit-fire'>FIRE MEPHITS</a>,Half ablaze.,Blackened by soot.,Choked with smoke.,Nose-bleeding dry.,FLAME FOUNTAIN,rdmRm.,Large jets of dancing flames bounce around the room.,CHARRED CAVE,natural cave.,Like the inside of a giant stone oven.,CHARCOAL CAVE IN,natural cave.,Blocked by an avalanche of sizzling coals.,VAPORIZED POND,natural cave.,Evaporated from extreme heat. Now lifeless.,FLAME POOL,rdmRm,A lake of burning oil. Knee deep.,ELEMENTAL FIRE SHRINE,rdmRm.,Small stone altar with an offering bowl. Will summon an angry <a href='/monsters/elemental-fire'>FIRE ELEMENTAL</a> if the offerings are removed.,Simmering eternal braziers.,Piles of hot ashes.,Engraved igneus runes.,Burning primeval hearth.,Impetuous slogans recently burnt into the walls in Ignan.,Sparks of flames randomly drift through the air.,Everything is burning in this room! You can still hear mischievous cackling echoing.,A rdmMETAL nugget in a brazier.,Burned body with charred gear.,Rare prayer <a href='/2024/01/01/mephitic-incense/'>incenses</a> that can be used to commune with fire.,1D6 feisty <a href='/monsters/mephit-fire'>FIRE MEPHITS</a>.,1D6 cackling <a href='/monsters/mephit-fire'>FIRE MEPHITS</a> hiding in torches.,1 bound <a href='/monsters/elemental-fire'>FIRE ELEMENTAL</a>.
0002,BAT - Arctic,ARCTIC BAT,It suddenly starts snowing as a cacophony of bat screeches is getting louder.,TRUE,FALSE,FALSE,FALSE,FALSE,TRUE,FALSE,FALSE,FALSE,FALSE,TRUE,FALSE,FALSE,FALSE,FALSE,FALSE,FALSE,TRUE,FALSE,FALSE,FALSE,ravenous swarms of  <a href='/monsters/bat-arctic'>ARCTIC BATS</a> hiding in blizzards,<a href='/monsters/bat-arctic'>ARCTIC BATS</a> whose freezing venom is coveted by assassins,sacred <a href='/monsters/bat-arctic'>ARCTIC BATS</a>,swarms of <a href='/monsters/bat-arctic'>ARCTIC BATS</a> during winter,<a href='/monsters/bat-arctic'>ARCTIC BATS</a> whose fur is worth a lot in the South,<a href='/monsters/bat-arctic'>ARCTIC BATS</a> that can make unwary travelers die of hypothermia,<a href='/monsters/bat-arctic'>ARCTIC BATS</a>,Partially filled with snow.,Covered in slick turquoise ice sheets.,Crystalline echo.,Cold damp air that chills through the bones.,ECHOEY ICE CAVE,natural cave.,Turquoise shine. Infrequent deep cracking noises from below.,TALL ICE CAVE,natural cave.,Three-stories high. Slippery and jagged.,FROZEN WATERFALL CAVE,natural cave.,Muffled water noises under the still ice. Very slippery.,NARROW ICE TUNNEL,natural cave.,Crawling only. Cold draft.,ICE BRIDGE,natural cave.,Narrow and slippery. Above a 50' frozen pit.,ICICLE DOME,natural cave.,Like the inside of a crystalline maw.,Noise-sensitive icicles.,Dripping glacier water.,Slippery black ice patches.,Mushroom-like ice mounds.,A single sleeping <a href='/monsters/bat-arctic'>ARCTIC BAT</a> tucked in a ceiling corner.,A frozen animal carcass covered in tiny bite marks and drained of its blood.,1D10 skittish <a href='/monsters/bat-arctic'>ARCTIC BATS</a>.,An ice pick.,A patch of bioluminescent moss that glows in subzero temperatures.,A magical rdmWEAPON stuck under 1' of solid ice.,1D4 sleeping <a href='/monsters/bat-arctic'>ARCTIC BAT SWARMS</a>.,1D4 hungry <a href='/monsters/bat-arctic'>ARCTIC BAT SWARMS</a>.,1 hibernating <a href='/monsters/bear-polar'>POLAR BEAR</a>.
0003,ELEMENTAL - Air,AIR ELEMENTAL,The overwhelming sound of howling winds envelop you and is only getting louder and louder.,TRUE,TRUE,FALSE,FALSE,FALSE,TRUE,TRUE,FALSE,FALSE,TRUE,FALSE,TRUE,FALSE,FALSE,FALSE,FALSE,TRUE,TRUE,FALSE,FALSE,FALSE,metal-hating <a href='/monsters/elemental-air'>AIR ELEMENTALS</a>,<a href='/monsters/elemental-air'>AIR ELEMENTALS</a> protecting the sky,<a href='/monsters/elemental-air'>AIR ELEMENTALS</a> fighting rain clouds,<a href='/monsters/elemental-air'>AIR ELEMENTALS</a> smothering all flames,<a href='/monsters/elemental-air'>AIR ELEMENTALS</a> slowly eroding the earth,<a href='/monsters/elemental-air'>AIR ELEMENTALS</a> longing to go return to rdmAIR,<a href='/monsters/elemental-air'>AIR ELEMENTALS</a>,Eroded by the wind.,Levitating islands.,Deafening sounds of howling winds.,Brisk and cold.,NOISY WIND TUNNEL,natural cave.,Vibrating with eerie noises.,SKY BRIDGE,outdoor space.,300' above ground. Rickety.,WIND NEXUS,rdmRm.,Cluster of flying earth motes crashing into each other. 100' ceiling.,MAGICAL WINDMILL,built room.,Huge copper turbine with a bound <a href='/monsters/elemental-air'>AIR ELEMENTAL</a> inside.,SKYWARD WIND CHASM,outdoor space.,Only safely crossable with a kite.,PORTAL TO rdmAIR,rdmRm.,White runic portal spewing clouds and smoke floating on a flying platform.,Noise-amplifying crystals.,Floating earth mote.,Windmill wheel.,Advice-whispering wind.,Supernatural wind with no particular direction.,Violent and sudden gusts of wind.,Everything is scattered as if a whirlwind went through the space.,Fragile crystalline growths worth a <a href='/2024/06/26/currency/'>purse of rdmCOIN</a>.,A wind chime that allows to understand wind.,A bronze orb enchanted to bind air elementals.,1 playful <a href='/monsters/elemental-air'>AIR ELEMENTAL</a>.,1 tempestuous <a href='/monsters/elemental-air'>AIR ELEMENTAL</a>.Ã ,1 bound <a href='/monsters/elemental-air'>AIR ELEMENTAL</a>.
0004,MEPHIT - Mud,MUD MEPHIT,You hear wet footsteps getting closer.,FALSE,FALSE,FALSE,FALSE,FALSE,FALSE,FALSE,TRUE,FALSE,FALSE,TRUE,TRUE,FALSE,FALSE,FALSE,FALSE,TRUE,FALSE,TRUE,FALSE,TRUE,pathetic <a href='/monsters/mephit-ooze'>MUD MEPHITS</a> serving a lord from rdmEARTH,<a href='/monsters/mephit-ooze'>MUD MEPHITS</a> running a bathhouse,<a href='/monsters/mephit-ooze'>MUD MEPHITS</a> defacing the landscape,meek <a href='/monsters/mephit-ooze'>MUD MEPHITS</a> serving a lord from rdmWATER,<a href='/monsters/mephit-ooze'>MUD MEPHIT GANGS</a>,<a href='/monsters/mephit-ooze'>MUD MEPHITS</a> rumored to serve a <a href='/monsters/wizard'>WIZARD</a>,<a href='/monsters/mephit-ooze'>MUD MEPHITS</a>,Partially sunken in mud.,Mud-caked.,Pungent smell of wet dirt.,Disgustingly damp and earthy.,MUD FOUNTAIN,rdmRm.,Joyful bursts of gooey mud constantly pop from cracks.,MUD-FILLED CAVE,natural cave.,Filled up to the ceiling with gooey muck.,BOGGED DOWN PIPE,built room.,Blocked by a big accumulation of mud.,PAINTED CAVE,natural cave.,Covered in hand-prints and drawings of anthropomorphic mountains.,MUD POOL,rdmRm.,A pool of sticky black tar. Knee deep.,ELEMENTAL EARTH AND WATER SHRINE,rdmRm.,Small stone altar with an offering bowl. Will summon an angry <a href='/monsters/elemental-water'>WATER ELEMENTAL</a> or <a href='/monsters/elemental-earth'>EARTH ELEMENTAL</a> if the offerings are removed.,Drying pathetic mud sculptures.,Puddles of sticky mud.,Engraved terran and aquan runes.,Bubbling mud bath.,Pitiful pleas written in mud on the wall.,Mud dripping from the ceiling.,A big pile of wet mud surrounded with tiny muddy footprints.,A rdmMETAL nugget at the bottom of a mud pool.,Mud-caked skeleton with defaced equipment.,Rare prayer <a href='/2024/01/01/mephitic-incense/'>incenses</a> that can be used to commune with wet dirt.,1D6 groveling <a href='/monsters/mephit-ooze'>MUD MEPHITS</a>.,1D6 cowering <a href='/monsters/mephit-ooze'>MUD MEPHITS</a> hiding in puddles.,1D6 pathetic <a href='/monsters/mephit-ooze'>MUD MEPHITS</a> servants.
0005,GRIFFON,GRIFFON,A piercing eagle cry resonates straight above you.,TRUE,TRUE,FALSE,TRUE,FALSE,TRUE,TRUE,FALSE,TRUE,TRUE,FALSE,FALSE,FALSE,FALSE,TRUE,TRUE,FALSE,TRUE,FALSE,FALSE,FALSE,<a href='/monsters/griffon'>GRIFFONS</a> from the Royal Aviary,man-eating <a href='/monsters/griffon'>GRIFFONS</a>,<a href='/monsters/griffon'>GRIFFONS</a> patrolling the sky,migrating <a href='/monsters/griffon'>GRIFFONS</a> during the summer,golden <a href='/monsters/griffon'>GRIFFONS</a>,spotted <a href='/monsters/griffon'>GRIFFONS</a>,<a href='/monsters/griffon'>GRIFFONS</a>,Hanging from a cliff.,Narrow ledges.,Gorgeous view of the land.,Brisk.,GLORIOUS ESCARPMENT,outdoor space.,Gorgeous view accentuated by jagged rocks.,HIGH ROOST,outdoor space.,Large twig nest atop a rocky spire.,WINDSWEPT PLATEAU,outdoor space.,Swinging grass. Nowhere to hide.,OLD GRIFFON AVIARY,built room.,Crumbling cages and torn banners. Open to the sky.,WINDSWEPT ROPE BRIDGE,outdoor space.,Across a deadly 200' chasm. Can only support 2.,HERALDIC BRIDGE,outdoor space.,Across a chasm. Sturdy stones and proud griffin banners.,Tattered banners with a heraldic griffin.,Narrow ledge upward.,Sparrow nests in cracks.,Big bird nest.,Faraway eagle screams.,Shattered goat and horse bones.,A half-eaten carcass nudged somewhere inaccessible from the ground.,1D100 feet of climbing rope.,A rdmWEAPON stuck somewhere inaccessible from the ground.,1D4 <a href='/monsters/griffon'>griffon eggs</a>.,1D4 hungry <a href='/monsters/griffon'>GRIFFONS</a>.,1D4 roosting <a href='/monsters/griffon'>GRIFFONS</a>.,1D4 training <a href='/monsters/knight'>GRIFFIN KNIGHTS</a>.
0006,OWLBEAR,OWLBEAR,You hear an owl's hoot. But it's way too close and way too loud.,TRUE,FALSE,TRUE,FALSE,FALSE,TRUE,FALSE,FALSE,FALSE,FALSE,FALSE,FALSE,FALSE,FALSE,FALSE,FALSE,FALSE,FALSE,FALSE,FALSE,FALSE,big <a href='/monsters/owlbear'>OWLBEARS</a>,nocturnal <a href='/monsters/owlbear'>OWLBEARS</a>,a legendary <a href='/monsters/owlbear'>GIANT OWLBEAR</a>,agressive <a href='/monsters/owlbear'>OWLBEARS</a>,rare and lonely <a href='/monsters/owlbear'>OWLBEARS</a>,<a href='/monsters/owlbear'>OWLBEARS</a> that are sacred to the locals,<a href='/monsters/owlbear'>OWLBEARS</a>,Under an old grove.,Tangled in thick roots.,Smell of fresh dirt and rotting leaves.,Comfortably warm and a little damp.,OAK ROOTS CAVE,natural cave.,Moist. Like a being inside a vegetal ribcage.,GNAWED BONES DEN,natural cave.,Roots like a curtain of capillaries. Carpet of bones and fur tufts.,FOGGY PINE GLADE,outdoor space.,Dark trees and cushiony moss floor.,GIANT TREE STUMP,outdoor space.,Crown of saplings.,GIANT HOLLOW TREE,outdoor space.,Smell of rotting wood. Climbable from the inside.,FALLEN GIANT HOLLOW TREE,outdoor space.,Across poisoned shrubbery. Smell of rotting wood.,Giant shelf fungi.,Moss patches.,Moonlight mushrooms.,Big bursting root.,Gnawed elk bones.,Big claw marks in the dirt.,The bloody bones of a bear are scattered around. It was eaten by something bigger.,Wood axe.,Scattered bones with a <a href='/2024/06/26/currency/'>purse of rdmCOIN</a>.,1D4 curious <a href='/monsters/owlbear'>owlbear cubs</a>.,1 hungry <a href='/monsters/owlbear'>OWLBEAR</a>.,1 sleeping <a href='/monsters/owlbear'>OWLBEAR</a>.,2D4 wary <a href='/monsters/bird'>FLOCKS OF RAVENS</a>.
0007,MEPHIT - Gravel,GRAVEL MEPHIT,You can hear the noise of gravel being dumped in the next room.,FALSE,TRUE,FALSE,TRUE,FALSE,TRUE,FALSE,FALSE,FALSE,FALSE,TRUE,TRUE,FALSE,FALSE,FALSE,FALSE,TRUE,FALSE,TRUE,FALSE,FALSE,<a href='/monsters/mephit-earth'>GRAVEL MEPHITS</a> serving a lord from rdmEARTH,<a href='/monsters/mephit-earth'>GRAVEL MEPHITS</a> tending to an ancient monument,<a href='/monsters/mephit-earth'>GRAVEL MEPHITS</a> who want to bury the world,<a href='/monsters/mephit-earth'>GRAVEL MEPHIT</a> merchants who only buy and never sell,a <a href='/monsters/mephit-earth'>GRAVEL MEPHIT GANG</a>,<a href='/monsters/mephit-earth'>GRAVEL MEPHITS</a>  rumored to serve a <a href='/monsters/wizard'>WIZARD</a>,<a href='/monsters/mephit-earth'>GRAVEL MEPHITS</a>,Half-filled with pebbles.,Crumbling.,Sneeze-inducing dust.,Still air.,PEBBLE FOUNTAIN,rdmRm.,Joyous sprays of dust and gravel constantly disrupt the room.,COLLAPSED CAVE,natural cave.,Blocked by an avalanche of gravel.,CRUMBLING QUARRY,natural cave.,As if gnawed at many points. Cracking and collapsing.,PRISTINE CAVE,natural cave.,Pruned roots and clogged water leaks.,GRAVEL PIT,rdmRm.,Half filled with small loose stones.,ELEMENTAL EARTH SHRINE,rdmRm.,Small stone altar with an offering bowl. Will summon an angry <a href='/monsters/elemental-earth'>EARTH ELEMENTAL</a> if the offerings are removed.,Stones with carved simple faces.,Piles of gravel.,Engraved terran runes.,Rock slab table.,"Somebody has written ""Do Not Touch"" with pebbles.",A chair is buried under a pile of earth.,A fresh pile of earth blocks one of the exits of this room.,A rdmMETAL nugget hidden in a pile of pebbles.,Stoned body with bashed gear.,Rare prayer <a href='/2024/01/01/mephitic-incense/'>incenses</a> that can be used to commune with rocks.,1D6 nostalgic <a href='/monsters/mephit-earth'>GRAVEL MEPHITS</a>.,1D6 grumpy <a href='/monsters/mephit-earth'>GRAVEL MEPHITS</a> hiding in rubbles.,1 bound <a href='/monsters/elemental-earth'>EARTH ELEMENTAL</a>.
0008,BIRD - Boltforager,BOLTFORAGER,You duck as a big orange bird swoops past you leaving a stinky trail of ochre dust behind.,FALSE,TRUE,FALSE,TRUE,TRUE,FALSE,TRUE,FALSE,FALSE,FALSE,FALSE,FALSE,FALSE,FALSE,FALSE,FALSE,FALSE,FALSE,FALSE,FALSE,FALSE,<a href='/monsters/bird-boltforager'>ORANGE BIRDS</a> that carry deadly parasites,flocks of strange <a href='/monsters/bird-boltforager'>CARRION BIRDS</a> that come out at dawn,flocks of strange <a href='/monsters/bird-boltforager'>CARRION BIRDS</a> that come out at dusk,deadly <a href='/monsters/bird-boltforager'>CARRION BIRDS</a>,<a href='/monsters/bird-boltforager'>CARRION BIRDS</a> known as boltforagers,dangerous <a href='/monsters/bird-boltforager'>ORANGE BIRDS</a> that are sacred to the locals,<a href='/monsters/bird-boltforager'>BOLTFORAGER BIRDS</a>,Orange sandstone.,With thick patches of green tropical moss.,Acrid smell of wet dogs and rotting flesh.,Warm like a tropical sunset.,MITE-INFESTED SHRUB GROVE,outdoor space.,Needs to be hacked to cross. Infected with <a href='/2024/01/01/bone-forager/'>bone forager parasites</a>.,MUD CLIFF LOFTS,outdoor space.,Cliffside. Bird nest alcoves. Guano stains.,BRACKISH POND,outdoor space.,Dead fish and bones galore. Pungent. Knee-deep.,BIRD BONEYARD,outdoor space.,Gnawed and crushed. Crack under feet. <a href='/monsters/bird'>SEAGULLS</a> galore.,MITEFERN GROVE,outdoor space.,Man-sized dull green fern leaves with orange clusters along the stem. Release <a href='/2024/01/01/bone-forager/'>boneforager parasites</a> in a cloud if disturbed.,GIANT CARRION,outdoor space.,Rotting carcass of a whale/dinosaur/giant fish. Cloud of flies. Chunks of flesh missing. Unbearable smell.,Mitefern plant. Releases <a href='/2024/01/01/bone-forager/'>boneforager parasites</a> in a cloud if disturbed.,Clouds of carrion flies.,Big mud and guano loft bird nest.,Gnarly ferns.,Drying animal carcass. Shredded by carrion birds.,A chorus of raspy bird noises during dawn and dusk.,The still-twitching body of an obviously sick animal infected with <a href='/2024/01/01/bone-forager/'>boneforager parasites</a>.,1D4 rotting chunks of lard.,1D4 clusters of <a href='/2024/01/01/bone-forager/'>boneforager mites</a>.,1D4 turquoise <a href='/monsters/bird-boltforager'>boltforager eggs</a>.,2D6 aggressive <a href='/monsters/bird-boltforager'>CHUNKY ORANGE BIRDS</a>.,2D6 roosting <a href='/monsters/bird-boltforager'>BOLTFORAGER BIRDS</a>.,1D4 carpets of <a href='/2024/01/01/bone-forager/'>BONEFORAGER MITES</a>.
0009,BAT - Kongamato,KONGAMATO BAT,You recoil at the sudden sound of something diving in the water nearby.,FALSE,FALSE,FALSE,FALSE,TRUE,FALSE,TRUE,TRUE,FALSE,FALSE,FALSE,FALSE,FALSE,FALSE,FALSE,FALSE,FALSE,FALSE,FALSE,FALSE,FALSE,<a href='/monsters/bat-kongamato'>GIANT RIVER BATS</a> that carry the Eye Rot disease,<a href='/monsters/bat-kongamato'>GIANT BATS</a> that harass fishermen in the river there,the mysterious <a href='/monsters/bat-kongamato'>KONGAMATO BATS</a>,semi-aquatic <a href='/monsters/bat-kongamato'>GIANT RIVER BATS</a>,deadly <a href='/monsters/bat-kongamato'>GIANT RIVER BATS</a>,terrifying <a href='/monsters/bat-kongamato'>KONGAMATO BATS</a> guarding the sacred river running through the land,<a href='/monsters/bat-kongamato'>KONGAMATO BATS</a>,On the edge of a large brown river.,Muddied by frequent flooding.,Cicadas and buzzing insects.,Numbingly warm like a hot summer day.,RIVER CROSSING,outdoor space.,Looming trees. One moored pirogue.,SINKING TREE,outdoor space.,Like a cage of prickly branches on a thick tree trunk. Chin-deep brackish waters.,TREE-COVERED WATERWAY,outdoor space.,Lazy current. Chin-deep brackish waters. Canopy of greenery. Chorus of songbirds. ,STILTED BOATHOUSE,built room.,Dark brown wet wood. Fishing ropes and drying fishes.,FLY-INFESTED BOG.,outdoor space.,High reed. Hip-deep. Croaking frogs.,PLACID BASIN,outdoor space.,Calm. Green with bacteria. Croaking frogs. Buzzing dragonflies.,Invading willow roots twisting the floor.,Cloud of <a href='/2024/01/01/eye-rot/'>eye rot</a>-infected mosquitos.,High reed.,Access to the river.,Big bat droppings.,Debris of a broken rotting boat.,Dark-red clusters of mushrooms growing from bat guano here. Infected with <a href='/2024/01/01/eye-rot/'>eye rot</a>.,A precious rdmMETAL rdmJEWEL stuck between two high branches and encrusted with guano.,A pirogue with oars.,A rotting wooden idol worth <a href='/2024/06/26/currency/'>purse of rdmCOIN</a> to the locals.,1 hunting <a href='/monsters/bat-kongamato'>KONGAMATO BAT</a>.,1D4 sleeping <a href='/monsters/bat-kongamato'>KONGAMATO BATS</a>.,<a href='/monsters/fish'>SCHOOLING FISHES</a>.
0010,WIZARD,WIZARD,You hear a voice chanting the words of an arcane incantation nearby!,TRUE,TRUE,TRUE,TRUE,TRUE,TRUE,TRUE,TRUE,TRUE,TRUE,FALSE,TRUE,FALSE,FALSE,FALSE,FALSE,TRUE,TRUE,TRUE,TRUE,TRUE,a <a href='/monsters/wizard'>WIZARD</a> looking for rare ingredients,a <a href='/monsters/wizard'>WIZARD</a> studying the monstrous ecosystem of the land,a <a href='/monsters/wizard'>WIZARD</a> that has moved here to avoid disturbances,a <a href='/monsters/wizard'>WIZARD</a> on an archeological expedition,<a href='/monsters/wizard'>WIZARDS</a> building a portal to rdmPLANE,a scheming <a href='/monsters/wizard'>WIZARD</a>,a <a href='/monsters/wizard'>WIZARD</a>,Wizard tower.,With shelves of dusty books throughout.,Infrequent zapping and popping sounds.,Controlled temperature.,DUSTY ARCANE LIBRARY,built room.,Stacked bookshelves. Electrical runes if touched. Armchair.,TRAPPED COZY BEDROOM,built room.,Stuffed bedding. Crystal lantern. Bedside table covered with notes. Everything is alarmed. <a href='/monsters/animated-rug'>RUG OF SMOTHERING</a>.,SUMMONING CIRCLE,built room.,Glowing pentagram. Floating arcane wards.,ARCANE LABORATORY,built room.,Vials and alambics. Scales and knives. A mess.,SENTRY ROOM,built room.,Statue staring at the door. Linked to a crystal ball elsewhere.,SCRYING ROOM,built room.,Polished marble orb on a stone table. Candles melting. Wooden Throne,Tesla coil.,Crumbling bookshelves.,A passive <a href='/monsters/golem-stone'>GOLEM</a> on standby.,A bound <a href='/list/monsters-elemental'>ELEMENTAL CREATURE</a> eager to be freed.,Broken vials.,Torn pages of an arcane treatise.,One of the creatures of this dungeon is bound by magic chains.,A <a href='/class/wizard#study'>spellbook</a>.,1D4 random <a href='https://goblinpunch.blogspot.com/2016/05/the-glog-alchemy-and-oozes.html'>potions</a>.,A random <a href='/list/spells'>spell scroll</a>.,1 curious <a href='/monsters/wizard'>WIZARD</a>.,1 busy <a href='/monsters/wizard'>WIZARD</a> studying the room.,A hostile <a href='/monsters/golem-stone'>GOLEM</a> on patrol.
0011,WIZARD - War,WAR WIZARD,You hear a voice chanting the words of an arcane incantation nearby!,FALSE,FALSE,FALSE,FALSE,FALSE,FALSE,FALSE,FALSE,TRUE,TRUE,FALSE,FALSE,FALSE,FALSE,FALSE,FALSE,FALSE,FALSE,FALSE,FALSE,FALSE,a <a href='/monsters/wizard'>ROYAL WAR WIZARD</a> garrison,a <a href='/monsters/wizard'>WAR WIZARD</a> batallion hunting rebels,a <a href='/monsters/wizard'>WAR WIZARD</a> academy,a legion of <a href='/monsters/wizard'>WAR WIZARDS</a> pacifying the land,<a href='/monsters/wizard'>WAR WIZARDS</a> overseeing the construction of a fortress,two <a href='/monsters/wizard'>WAR WIZARD</a> factions battling each other,<a href='/monsters/wizard'>WAR WIZARDS</a>,Warded off by the Inquisition.,Protected from destruction by arcane wards.,Infrequent zapping and popping sounds.,Controlled temperature.,ARCANE WAR ROOM,built room.,Large table surrounded by busts of various commanders. Will animate if said commander answers a call.,TRAPPED SPARTIATE BEDROOM,built room.,Stiff bedding. Crystal lantern. Bedside table covered with notes. Everything is alarmed.,SUMMONING CIRCLE,built room.,Glowing pentagram. Floating arcane wards.,ARCANE LABORATORY,built room.,Vials and alambics. Scales and knives. A mess.,SENTRY ROOM,built room.,Statue staring at the door. Linked to a crystal ball elsewhere.,SCRYING ROOM,built room.,Polished marble orb on a stone table. Candles melting. Wooden Throne,Tesla coil.,Dusty military map rack.,A passive <a href='/monsters/golem-stone'>GOLEM</a> on standby.,Pharmacy with dried out vials.,Broken vials.,Torn pages of an arcane treatise.,One of the creatures of this dungeon is bound by magic chains.,A bomb.,1D4 random <a href='https://goblinpunch.blogspot.com/2016/05/the-glog-alchemy-and-oozes.html'>potions</a>.,A random <a href='/list/spells'>spell scroll</a>.,1 imperious <a href='/monsters/wizard'>WAR WIZARD</a> with 2 <a href='/monsters/knight'>KNIGHTS</a>.,1 busy <a href='/monsters/wizard'>WAR WIZARD</a> studying a map.,A hostile <a href='/monsters/golem-stone'>GOLEM</a> on patrol.
0012,WIZARD - High,HIGH MAGE,You hear a voice chanting the words of an arcane incantation nearby!,FALSE,FALSE,FALSE,FALSE,FALSE,TRUE,FALSE,FALSE,TRUE,FALSE,FALSE,TRUE,FALSE,FALSE,FALSE,FALSE,TRUE,FALSE,FALSE,FALSE,FALSE,the council of <a href='/monsters/wizard'>HIGH MAGES</a>,<a href='/monsters/wizard'>ELVEN HIGH MAGES</a> observing the cosmos,the last elven <a href='/monsters/wizard'>HIGH MAGES</a>,nostalgic elven <a href='/monsters/wizard'>HIGH MAGES</a>,<a href='/monsters/wizard'>ELVEN HIGH MAGES</a> in stasis,philosophizing <a href='/monsters/wizard'>HIGH MAGES</a>,<a href='/monsters/wizard'>HIGH MAGES</a>,On a white spire.,Pristine white marble.,Ambient faint elven melody.,Controlled temperature.,ELEGANT ARCANE LIBRARY,built room.,Stacked bookshelves. Electrical runes if touched. Armchair.,TRAPPED COZY BEDROOM,built room.,Stuffed bedding. Crystal lantern. Bedside table covered with notes. Everything is alarmed. <a href='/monsters/animated-rug'>RUG OF SMOTHERING</a>.,SUMMONING CIRCLE,built room.,Glowing pentagram. Floating arcane wards.,ARCANE LABORATORY,built room.,Vials and alambics. Scales and knives. Well organized.,SENTRY ROOM,built room.,Statue staring at the door. Linked to a crystal ball elsewhere.,SCRYING ROOM,built room.,Polished marble orb on a stone table. Candles melting. Wooden Throne,Elven marble statue.,Healthy potted tree.,Marble desk.,Velvet curtains.,Broken vials.,Torn pages of an arcane treatise.,One of the creatures of this dungeon is bound by magic chains.,A <a href='/class/wizard#study'>spellbook</a>.,1D4 random <a href='https://goblinpunch.blogspot.com/2016/05/the-glog-alchemy-and-oozes.html'>potions</a>.,A random <a href='/list/spells'>spell scroll</a>.,1 imperious <a href='/monsters/wizard'>HIGH MAGE</a> with 2 <a href='/monsters/knight'>KNIGHTS</a>.,1D6 focused <a href='/monsters/wizard'>HIGH MAGES</a> in silent communion.,1D6 <a href='/monsters/elf-high'>HIGH ELF PETITIONERS</a>.
0013,WIZARD - Spelljammer,SPELLJAMMER CAPTAIN,You hear a voice chanting the words of an arcane incantation nearby!,FALSE,FALSE,FALSE,FALSE,FALSE,FALSE,FALSE,FALSE,FALSE,FALSE,FALSE,TRUE,FALSE,FALSE,FALSE,FALSE,FALSE,FALSE,FALSE,FALSE,FALSE,merchant <a href='/monsters/wizard'>SPELLJAMMER SHIPS</a> from rdmPLANE,armed <a href='/monsters/wizard'>SPELLJAMMER SHIPS</a>,<a href='/monsters/wizard'>SPELLJAMMER SHIPS</a> exploring new horizons,a <a href='/monsters/wizard'>SPELLJAMMER FLEET</a>,<a href='/monsters/wizard'>WIZARDS</a> commanding SPELLJAMMER SHIPS,massive <a href='/monsters/wizard'>SPELLJAMMER SHIPS</a>,<a href='/monsters/wizard'>SPELLJAMMER SHIPS</a>,Partially a spelljammer ship.,Lit by flameless lamps.,Low gravity.,Frequent starry fog.,STAR MAP ROOM,built room.,Ceiling with an illusory map of the sky. Can be navigated through an orb in the middle.,TRAPPED SPARTIATE BEDROOM,built room.,Stiff bedding. Crystal lantern. Bedside table covered with notes. Everything is alarmed.,SUMMONING CIRCLE,built room.,Glowing pentagram. Floating arcane wards.,ARCANE LABORATORY,built room.,Vials and alambics. Scales and knives. A mess.,SENTRY ROOM,built room.,Statue staring at the door. Linked to a crystal ball elsewhere.,SPELLJAMMER THRONE,built room.,Hooked with cables. Weird Helmet. Controls an astral ship.,Tesla coil.,Energy cannon through a porthole.,Windowed porthole.,Astral sail.,Broken vials.,Torn pages of an arcane treatise.,One of the creatures of this dungeon is bound by magic chains.,A <a href='/class/wizard#study'>spellbook</a>.,1D4 random <a href='https://goblinpunch.blogspot.com/2016/05/the-glog-alchemy-and-oozes.html'>potions</a>.,A random <a href='/list/spells'>spell scroll</a>.,1 imperious <a href='/monsters/wizard'>SPELLJAMMER CAPTAIN</a> with 2 <a href='/monsters/knight'>ASTRAL KNIGHTS</a>.,1 busy <a href='/monsters/wizard'>SPELLJAMMER CAPTAIN</a> studying a map.,1D4 <a href='/monsters/knight'>ASTRAL KNIGHTS</a>.
0014,BOAR,BOAR,Sniffing and chewing noises are getting closer!,TRUE,FALSE,TRUE,TRUE,FALSE,FALSE,TRUE,TRUE,FALSE,FALSE,FALSE,FALSE,FALSE,FALSE,FALSE,FALSE,FALSE,FALSE,FALSE,FALSE,FALSE,stubborn <a href='/monsters/boar'>rdmSIZE BOARS</a>,DIRTY <a href='/monsters/boar'>rdmSIZE  BOARS</a>,<a href='/monsters/boar'>rdmSIZE BOARS</a> that will eat anything,delicious <a href='/monsters/boar'>rdmSIZE BOARS</a>,<a href='/monsters/boar'>rdmSIZE BOARS</a> that can smell rare mushrooms,<a href='/monsters/boar'>rdmSIZE BOARS</a> that are sacred to the locals,<a href='/monsters/boar'>BOARS</a>,Dug out of the forest floor.,Trampled and mud-stained.,Smell of wet dirt and decaying plants.,Fresh and damp.,UPROOTED CLEARING,outdoor space.,Trampled leaves. Visible roots.,LOW DIRT BURROW,natural cave.,Stench of manure. Roots coming out of the ceiling like hair.,OVERGROWN MUD POOL,outdoor space.,Odor of manure and pine trees. Knee deep. Leaves in the mud.,MUSKY CLEARING,outdoor space.,Broken trees and bushes. Permeating smell. Staying too long will mark you with musk and you will be chased by a <a href='/monsters/boar'>GIANT BOAR</a>.,GREAT BOAR MOUND,outdoor space.,Mossy rocks. Slippery gravel slopes.,TANGLED ROOTS GLADE,natural cave.,Massive roots. Humid earth. Low fog.,Root capillaries curtains.,Bed of decaying leaves.,Uprooted pine.,Dug out pit.,Cluster of chewed roots.,Muddy cloven hoof tracks.,Boar droppings.,A hunter's pike.,Rare truffles worth a <a href='/2024/06/26/currency/'>purse of rdmCOIN</a> if sniffed and dug out.,1D6 <a href='/monsters/boar'>boar piglets</a>.,1D6 <a href='/monsters/boar'>BOARS</a>.,1 <a href='/monsters/boar'>GIANT BOAR</a>.,1D4 <a href='/monsters/bounty-hunter'>BOAR HUNTERS</a>.
0015,ELEMENTAL - Earth,EARTH ELEMENTAL,A huge rock crashes a few feet in front of you!,FALSE,TRUE,TRUE,TRUE,TRUE,TRUE,TRUE,FALSE,FALSE,FALSE,TRUE,TRUE,FALSE,FALSE,FALSE,FALSE,TRUE,FALSE,TRUE,FALSE,FALSE,<a href='/monsters/elemental-earth'>EARTH ELEMENTALS</a> building a new mountain,<a href='/monsters/elemental-earth'>EARTH ELEMENTALS</a> that want to redirect the wind elsewhere,<a href='/monsters/elemental-earth'>EARTH ELEMENTALS</a> filling a crater with dirt,<a href='/monsters/elemental-earth'>EARTH ELEMENTALS</a> filling all water sources with dirt,<a href='/monsters/elemental-earth'>EARTH ELEMENTALS</a> protecting a mysterious cave,<a href='/monsters/elemental-earth'>EARTH ELEMENTALS</a> longing to go return to rdmEARTH,<a href='/monsters/elemental-earth'>EARTH ELEMENTALS</a>,Sinking underground.,Carved from giant boulders.,Frequently quaking.,Stale and ancient.,ROCKY SINKHOLE,natural cave.,Strangely warm.,DEEP CRUST TUNNEL,natural cave.,300' below ground. Steep slope.,TREMOR NEXUS,natural cave.,Evershifting cave. Caving in and filling up. Deafening rumble.,MAGICAL MILLSTONE,built room.,Huge grindstone with a bound <a href='/monsters/elemental-earth'>EARTH ELEMENTAL</a> inside.,BOULDER SLOPE,outdoor space.,Steep climb. Frequent rockfalls.,PORTAL TO rdmEARTH,rdmRm.,Green runic portal spewing rocks and dirt on a quaking platform.,Unbreakable crystals.,Boulder.,Stalagmite.,Advice-whispering tremors.,Pulsing ore vein.,Frequent tremors.,Recently flattened by something heavy.,Fragile crystalline growths worth a <a href='/2024/06/26/currency/'>purse of rdmCOIN</a>.,A gong that allows to understand rocks.,A bronze orb enchanted to bind earth elementals.,1 stern <a href='/monsters/elemental-earth'>EARTH ELEMENTAL</a>.,1 obstinate <a href='/monsters/elemental-earth'>EARTH ELEMENTAL</a>.,1 bound <a href='/monsters/elemental-earth'>EARTH ELEMENTAL</a>.
0016,BASILISK,BASILISK,You have the uncanny feeling of being observed. Your body is starting to feel numb.,FALSE,TRUE,FALSE,TRUE,TRUE,FALSE,TRUE,TRUE,FALSE,FALSE,TRUE,FALSE,FALSE,FALSE,FALSE,TRUE,FALSE,FALSE,TRUE,FALSE,FALSE,deadly <a href='/monsters/basilisk'>BASILISKS</a>,<a href='/monsters/basilisk'>BASILISKS</a> nesting in the driest spots,<a href='/monsters/basilisk'>BASILISKS</a> said to gaze into rdmEARTH,a <a href='/monsters/basilisk'>GIANT BASILISK</a> worshipped by the locals,<a href='/monsters/basilisk'>BASILISKS</a> guarding their statue gardens,<a href='/monsters/basilisk'>BASILISKS</a> that are sacred to the locals,<a href='/monsters/basilisk'>BASILISKS</a>,Petrified.,Chewed through.,Silent.,Dry and dusty.,CHEWED ROCK TUNNEL,natural cave.,Carved by the bite of a toothy creature. Irregular and curvy.,BROKEN STATUES CAVE,natural cave.,Broken bits of lifelike stone statues everywhere.,GROTESQUE STATUARY GARDEN,rdmRm.,A dozen distorted and broken lifelike statues of frightened beasts and humanoids.,SULFUROUS STEAM CHIMNEY,natural cave.,Omnipresent stench. Hazy and sweaty. Condensation dripping. ,QUICKSAND CAVE,natural cave.,Surprisingly deep and warm. Stench of sulfur.,BASILISK PIT,rdmRm.,50' deep. Broken armors and shattered statues at the bottom.,Petrified <a href='/monsters/bounty-hunter'>explorer</a>.,Petrified <a href='/monsters/wizard'>wizard</a>.,Petrified <a href='/monsters/knight'>knight</a>.,Petrified <a href='/monsters/ogre'>ogre</a>.,Petrified bat.,Chewed out statue of a woman.,A bitten statue that is bleeding real blood.,A polished shield.,Enough gems to fill a <a href='/2024/06/26/currency/'>purse</a>.,1 <a href='/monsters/basilisk'>basilisk egg</a>.,1 hungry <a href='/monsters/basilisk'>BASILISK</a>.,1 sleeping <a href='/monsters/basilisk'>BASILISK</a>.,Two sleeping <a href='/monsters/bat'>BAT SWARMs</a>.
0017,BAT,BAT,A cacophony of bat screeches is getting louder.,FALSE,TRUE,TRUE,TRUE,TRUE,FALSE,TRUE,TRUE,TRUE,FALSE,TRUE,FALSE,FALSE,TRUE,FALSE,FALSE,FALSE,FALSE,FALSE,FALSE,FALSE,nocturnal <a href='/monsters/bat'>BATS</a>,vampiric <a href='/monsters/bat'>BATS</a>,disease-ridden <a href='/monsters/bat'>BATS</a>,ominous <a href='/monsters/bat'>BATS</a>,screeching <a href='/monsters/bat'>BATS</a>,<a href='/monsters/bat'>BATS</a> that are sacred to the locals,<a href='/monsters/bat'>BATS</a>,Dark.,Seeping with condensation water.,Echoey.,Cold damp air.,ECHOEY CAVE,natural cave.,Uneven. Infrequent dripping noises.,TALL CAVERN,natural cave.,Three-stories high. Slippery and jagged.,WATERFALL CAVE,natural cave.,Deafening water noises. Very slippery.,NARROW TUNNEL,natural cave.,Crawling only. Cold draft.,ROCKY BRIDGE,natural cave.,Narrow. Above a 50' dark pit.,STALACTITE DOME,natural cave.,Like the inside of a rocky maw.,Stalactite.,Dripping water.,Cluster of stalagmites.,60' deep sinkhole.,A single sleeping <a href='/monsters/bat'>BAT</a> tucked in a ceiling corner.,Bat guano.,1D10 skittish <a href='/monsters/bat'>BATS</a>.,1D4 pitons.,1D4 <a href='/2024/01/01/tomb-cricket/'>tomb crickets</a> that react to the presence of ghosts.,A magical rdmWEAPON stuck at the bottom of a pit.,1D4 sleeping <a href='/monsters/bat'>BAT SWARMS</a>.,1D4 hungry <a href='/monsters/bat'>BAT SWARMS</a>.,1 lonely <a href='/monsters/ghost'>GHOST</a>.
0018,CAT - Giant Tressym,GIANT TRESSYM,You hear a wildcat roar from above you. It is too close for comfort.,FALSE,TRUE,FALSE,TRUE,FALSE,TRUE,TRUE,FALSE,FALSE,FALSE,FALSE,FALSE,FALSE,FALSE,FALSE,TRUE,FALSE,FALSE,FALSE,FALSE,FALSE,wise <a href='/monsters/cat-tressym-giant'>WINGED PANTHERS</a>,<a href='/monsters/cat-tressym-giant'>GREATER WINGED CATS</a> known as Tressyms,<a href='/monsters/cat-tressym-giant'>GREATER WINGED CATS</a> favoured by royalty,feline <a href='/monsters/cat-tressym-giant'>GIANT TRESSYMS</a> who speak in riddles,<a href='/monsters/cat-tressym-giant'>GOLDEN WINGED PUMAS</a> known as Jana-Nimr,<a href='/monsters/cat-tressym-giant'>GIANT WINGED CATS</a> that are worshiped by the locals,<a href='/monsters/cat-tressym-giant'>GIANT TRESSYMS</a>,On the edge of a desolated plateau.,Open access to the sky.,Choral of cicadas.,Suncooked.,ROCKY PROMONTORY,outdoor space.,Hard to reach. Overlooking the next room which is 60 ft below.,SHRUB SANCTUARY,outdoor space.,Dusty clearing surrounded by thorny shrubbery. Chorus of cicadas.,BONE BREAKING ROCK,outdoor space.,Flat granite stone littered with broken bones as if bodies were dropped from the sky.,PAMPA GRASS MEADOW,outdoor space.,Tall and golden grass waving in the wind.,GNARLY CLIFFSIDE TREE,outdoor space.,Can support 4 people. 50 ft above the previous room and 50 ft below the next.,CLIFFSIDE DEN,outdoor space.,50 ft above the previous room and 50 ft below the next. Smells like a litter box.,Hardy shrub.,Patch of pampa grass.,Sunbleached animal skeleton.,Crumbling cliff edge.,Infrequent roars far in the sky.,Ball of hair and feathers.,A freshly killed animal carcass is hanging from a hard-to-reach place.,1D4 shiny rdmMETAL rdmJEWELs tucked in a wall crack worth a <a href='/2024/06/26/currency/'>purse</a> of rdmCOIN.,A kinked rdmARMOR.,1D4 scared <a href='/monsters/cat-tressym-giant'>giant tressym cubs</a>.,1 hunting <a href='/monsters/cat-tressym-giant'>GIANT WINGED CAT</a>.,1D4 sleeping <a href='/monsters/cat-tressym-giant'>GIANT WINGED CATS</a>.,1D4 <a href='/monsters/bounty-hunter'>TRESSYM HUNTERS</a>.
0019,ELEMENTAL - Steam,STEAM ELEMENTAL,The air becomes heavy and humid. The temperature rises and droplets appear everywhere.,TRUE,FALSE,TRUE,FALSE,TRUE,TRUE,FALSE,TRUE,FALSE,TRUE,TRUE,TRUE,FALSE,FALSE,FALSE,FALSE,TRUE,TRUE,FALSE,FALSE,TRUE,<a href='/monsters/elemental-steam'>STEAM ELEMENTALS</a> building a wall of fog around the area,<a href='/monsters/elemental-steam'>STEAM ELEMENTALS</a> protecting a sacred hot spring,<a href='/monsters/elemental-steam'>STEAM ELEMENTALS</a> blocking the sky with rain clouds,<a href='/monsters/elemental-steam'>STEAM ELEMENTALS</a> attacking anybody starting a fire,<a href='/monsters/elemental-steam'>STEAM ELEMENTALS</a> eroding the earth,<a href='/monsters/elemental-steam'>STEAM ELEMENTALS</a> longing to go return to rdmWATER,<a href='/monsters/elemental-steam'>STEAM ELEMENTALS</a>,Hidden in magical fog.,Dripping with condensation water.,Obscured by fog.,Unbearably hot and humid.,MEANDERING STEAM CHIMNEY,natural cave.,Calcified surfaces. Zero visibility.,SULFUROUS HOT SPRINGS,natural cave.,Terraced natural pools of turquoise water. Faint smell of rotten egg. Dripping noise.,SIZZLING VOLCANIC POOL,natural cave.,Boiling chest-deep water. Big red-hot boulder hissing in the middle.,MAGICAL BOILER ROOM,built room.,Spherical bronze room. Doors at different height linked by iron ladders and walkways. Echo and cracking pipes.,PILLAR OF CLOUDS,rdmRm.,50' high. Slippery flying earth motes.,PORTAL TO THE PLANE OF STEAM,rdmRm.,Blue runic portal spewing hot steam. Unbearably hot and humid.,Small geyser.,Calcified sulfurous basin.,Shaking metal steam pipes.,Advice-whispering fog.,Hot steam escaping from cracks in the floor.,Sweat.,A whimpering creature is dying in a corner. It seems to have been boiled alive.,Fragile crystalline growths worth a <a href='/2024/06/26/currency/'>purse of rdmCOIN</a>.,A whistle that allows to understand clouds.,A bronze orb enchanted to bind water elementals.,1 sassy <a href='/monsters/elemental-steam'>STEAM ELEMENTAL</a>.,1 lazy <a href='/monsters/elemental-steam'>STEAM ELEMENTAL</a>.,1 bound <a href='/monsters/elemental-steam'>STEAM ELEMENTAL</a>.
0020,BIRD - Hawk,HAWK,You are startled by the distinctive screech of an hawk.,TRUE,TRUE,FALSE,TRUE,FALSE,TRUE,TRUE,FALSE,TRUE,FALSE,FALSE,FALSE,FALSE,FALSE,FALSE,FALSE,FALSE,FALSE,FALSE,FALSE,FALSE,<a href='/monsters/bird-hawk'>rdmSIZE HAWKS</a> that are prized by military officers,<a href='/monsters/bird-hawk'>rdmSIZE HAWKS</a> that can easily be domesticated,<a href='/monsters/bird-hawk'>rdmSIZE HAWKS</a> patrolling the sky,especially fast <a href='/monsters/bird-hawk'>rdmSIZE HAWKS</a>,proud <a href='/monsters/bird-hawk'>rdmSIZE HAWKS</a>,<a href='/monsters/bird-hawk'>rdmSIZE HAWKS</a> that are sacred to the locals,<a href='/monsters/bird-hawk'>GIANT HAWKS</a>,On a rocky spire.,Nearly vertical.,Clear view.,Fresh air.,WINDSWEPT CLIFF,outdoor space.,Climbable but hard. Stunted shrubs. ,THIN TALL SPIRE,outdoor space.,Gorgeous panorama. Vertigo inducing. ,DESOLATED OUTCROP,outdoor space.,Rocky open space. Groundhog dens.,COLLAPSED SPIRE,outdoor space.,Still a hard climb. Broken in the middle.,NARROW CLIFFSIDE PATH,outdoor space.,Falling pebbles. Hard to run.,HIGHEST PEAK,outdoor space.,Above clouds. Snow covered.,Broken bones of fallen climbers.,Hardy mountain tree.,Higher outcrop overseeing the area.,Dangling rock-climbing ropes.,Large bird nest.,Faraway hawk scream.,Moving dot in the sky. Probably a bird.,1D100 feet of climbing rope.,1 shiny rdmMETAL rdmJEWEL worth a <a href='/2024/06/26/currency/'>purse</a> of rdmCOIN tucked in a wall crack near the ceiling. ,1D4 <a href='/monsters/bird-hawk'>giant hawk eggs</a>.,1 hunting <a href='/monsters/bird-hawk'>GIANT HAWK</a>.,1 roosting <a href='/monsters/bird-hawk'>GIANT HAWK</a>.,1D4 bickering <a href='/monsters/bird-hawk'>HAWKS</a>.
0021,KNIGHT,KNIGHT,You can hear the distinctive clanging steps of armored figures approaching.,TRUE,TRUE,TRUE,TRUE,FALSE,FALSE,TRUE,FALSE,TRUE,TRUE,FALSE,FALSE,FALSE,FALSE,TRUE,FALSE,FALSE,FALSE,FALSE,FALSE,FALSE,<a href='/monsters/knight'>KNIGHTS</a> on a quest to slay a legendary beast,noble <a href='/monsters/knight'>KNIGHTS</a>,<a href='/monsters/knight'>KNIGHTS</a> from across the land competing in a tournament,<a href='/monsters/knight'>HOLY KNIGHTS</a> protecting a sacred site,<a href='/monsters/knight'>KNIGHTS</a> training for battle,<a href='/monsters/knight'>KNIGHTS</a> on a quest to find a legendary artefact,<a href='/monsters/knight'>KNIGHTS</a>,Fortified.,Stone bricks.,Lit by torches.,Warmed with fireplaces.,HALLOWED HALL,built room.,Echoey stone floor. Massive doors.,OSTENTATIOUS BARRACKS,built room.,Simple sturdy bunk beds; Utilitarian weapon racks.,BANQUET HALL,built room.,Long tables full of juicy leftovers. Barrels of wine. Wooden throne.,COMMAND CENTER,built room.,Giant regional map. Marble figurines. Sturdy desk. Framed royal edicts.,DRAWBRIDGE,outdoor space.,Dungeon-appropriate moat. Tiny observation window. Alarm bell.,SANCTIFIED RELIQUARY,built room.,Striking stained glass rosette. Marble knight tomb. Melting candle crust.,Stern statue of a rdmNOBLE. ,Heraldic banners.,Training dummy.,Barrel of wine.,Nailed royal edict.,Bashed-in knight helmet.,One of the most dangerous monsters in the area lies dead by the sword.,1D4 rdmWEAPONs in a rack.,A metal rdmARMOR.,A holy rdmWEAPON encased in a rock.,A proud <a href='/monsters/knight'>KNIGHT</a> and its retinue of 1D10 <a href='/monsters/soldier'>SOLDIERS</a>.,A defeated <a href='/monsters/knight'>KNIGHT</a> and its retinue of 1D10 <a href='/monsters/soldier'>SOLDIERS</a>.,1D4 RIDING HORSES.
0022,KNIGHT - Astral,ASTRAL KNIGHT,You can hear the distinctive sound of teleportation followed by steps of armored figures approaching.,FALSE,FALSE,FALSE,FALSE,FALSE,TRUE,FALSE,FALSE,TRUE,FALSE,FALSE,TRUE,FALSE,FALSE,FALSE,FALSE,FALSE,FALSE,FALSE,FALSE,FALSE,<a href='/monsters/knight'>GITHYANKI ASTRAL KNIGHTS</a> planning raids from their fortress,<a href='/monsters/knight'>GITHYANKI KNIGHTS</a> repairing their stranded Astral Galleon,<a href='/monsters/githyanki'>GITHYANKI</a> running an academy for aspiring <a href='/monsters/knight'>ASTRAL KNIGHTS</a>,<a href='/monsters/knight'>ASTRAL KNIGHTS</a> guarding a portal to rdmPLANE,<a href='/monsters/knight'>FIGHTER-MAGES</a> training in a monastery,<a href='/monsters/knight'>ASTRAL KNIGHTS</a> chasing a cosmic villain,<a href='/monsters/knight'>ASTRAL KNIGHTS</a>,Across multiple dimensions.,Ceramic bricks.,Lit by flameless lanterns.,Shielded from weather.,ASTRAL HALL,built room.,Echoey stone floor. Doors are all portals..,ASTRAL BARRACKS,built room.,Simple sturdy beds pods; Magnetic weapon racks.,PLANAR BANQUET HALL,built room.,Long tables full of weird planar leftovers. Barrels of wine. Iron throne.,ASTRAL COMMAND CENTER,built room.,Giant profected astral map. Floating motes of light. Sturdy desk. Taxidermied demon head.,ASTRAL DOCKS,outdoor space.,Floating in the stars. Observation turret. Alarm gong.,ASTRAL RELIQUARY,built room.,Striking stained glass rosette. Porcelain knight tomb. Constellation of flying motes of light.,Stern statue of a knight from a starfaring specie.. ,Projected heraldic banner.,Illusion of a fight monster stuck in 6 seconds loop.,Short-range teleportation pad.,Amphor with a spirit from another dimension.,Bashed-in astral knight helmet.,A dangerous astral monsters lies dead by the sword.,1D4 silver rdmWEAPONs in a rack.,A porcelain rdmARMOR.,A warded astral rdmWEAPON in stasis.,An adventurous <a href='/monsters/knight'>ASTRAL KNIGHT</a> and its retinue of 1D10 <a href='/monsters/soldier'>SOLDIERS</a>.,A lost <a href='/monsters/knight'>ASTRAL KNIGHT</a> and its retinue of 1D10 <a href='/monsters/soldier'>SOLDIERS</a>.,A distraught <a href='/monsters/wizard'>SPELLJAMMER CAPTAIN</a>.
0023,HARPY,HARPY,"The harpy's <a href='/monsters/harpy'>""cacophonous torment'</a> ability.",FALSE,TRUE,FALSE,TRUE,TRUE,FALSE,TRUE,FALSE,TRUE,TRUE,FALSE,FALSE,FALSE,FALSE,FALSE,TRUE,FALSE,FALSE,FALSE,FALSE,FALSE,bitter <a href='/monsters/harpy'>HARPIES</a> squatting the ruins of an old tower,<a href='/monsters/harpy'>HARPIES</a> harassing a rdmNOBLE,vicious <a href='/monsters/harpy'>HARPIES</a> defacing the temple of a forgotten god,<a href='/monsters/harpy'>HARPIES</a> luring travelers to their doom,a decadent <a href='/monsters/harpy'>HARPY CLAN</a>,nomadic <a href='/monsters/harpy'>HARPIES</a> chasing war and famine,<a href='/monsters/harpy'>HARPIES</a>,In the rubbles of ancient ruins.,Overgrown sandstone.,Smell of piss and bird droppings.,Hot and dry.,LONG-FORGOTTEN SHRINE,built room.,Ceiling collapsed. Scattered stones. Eroded statues.,ANCIENT TOWER RUINS,built room.,Was 4 stories high but has no floors now. Guano-crusted horizontal support beams,LONG-FORGOTTEN PALACE HALL,built room.,Collapsed wall. Overgrown. Defiled stone table.,RUINED COURTYARD,outdoor space.,Heaps of overgrown debris and broken statues.,SUN-DRIED CLIFFS,outdoor space.,50' high. Desperate shrubbery. ,PARLIAMENT OF GUANO,natural cave.,Unbearable smell. Natural amphitheatre. Big twig nests up and down.,Eroded statue.,Broken ancient altar.,Heinous guano sculpture.,Pile of trash and guano.,Smelly pile of guano.,Ancient graffiti.,A poor naked dead human covered in bird shit.,1D4 <a href='http://tenfootpolemic.blogspot.com/2014/01/200-failed-medieval-careers.html'>random objects</a> scattered in a pile of trash.,A shiny rdmMETAL rdmJEWEL worth a <a href='/2024/06/26/currency/'>purse</a> of rdmCOIN in  a pile of guano. ,A dirty flute that calms harpies. Infected with <a href='/2024/01/01/harpy-herpes/'>harpy herpes</a>.,2D6 shrieking <a href='/monsters/harpy'>HARPIES</a>.,2D6 bickering <a href='/monsters/harpy'>HARPIES</a>.,1 delusional <a href='/monsters/harpy'>HARPY QUEEN</a>.
0024,BAT - Olitiau,OLITIAU BAT,A cacophony of bat screeches is getting closer.,FALSE,TRUE,TRUE,TRUE,TRUE,FALSE,TRUE,TRUE,FALSE,FALSE,FALSE,FALSE,FALSE,FALSE,FALSE,FALSE,FALSE,FALSE,FALSE,FALSE,FALSE,deadly venomous <a href='/monsters/bat-olitiau'>BATS</a>,dangerous <a href='/monsters/bat-olitiau'>CLAWED BATS</a>,rare <a href='/monsters/bat-olitiau'>CLAWED BATS</a> that are hunted for their deadly venom,venomous <a href='/monsters/bat-olitiau'>BATS</a> that nest near water sources,nocturnal venomous <a href='/monsters/bat-olitiau'>BATS</a> known locally as OLITIAUS,deadly <a href='/monsters/bat-olitiau'>CLAWED BATS</a> that are taboo to the locals,<a href='/monsters/bat-olitiau'>OLITIAU BATS</a>,Flooded under 1 foot of brackish waters.,Covered in a blanket of leafy vines.,Buzzing insects and chirping birds.,Heavy humid and warm haze.,MUDDY RIVER CROSSING,outdoor space.,Lazy current. Opaque. Curtained by willows.,GIANT WILLOW,outdoor space.,Seductive curtain of branches like wet hair.,Dusty Goat Pen,outdoor space.,Neglected wooden fence. Persistent flies. Ramshackle loafing shed.,MANGROVE MAZE,outdoor space.,Waist-high calm water. Taunting canopy monkeys. Roots like spider legs.,TREE TRUNK RIVER CROSSING,outdoor space.,Slippery mud cliffs (80'); Creeping bark moss; Bristle shrubbery. Save or collapse,RIVERSIDE CAVE,natural cave.,Dripping wet clay. Hairy roots. Pungent smell of guano.,Cluster of bleached driftwood.,Broken pirogue.,A carved wood idol depicting a demonic bat.,River access.,1 sleeping <a href='/monsters/bat-olitiau'>WHITE BAT</a>.,Bat droppings.,A dead goat full of tiny bites lying on the floor. There are no signs of struggle.,A <a href='/2024/06/26/currency/'>bag of gold nuggets </a> on a drifting piece of wood..,An oar.,Lone starving goat.,1 swarm of hungry big white clawed <a href='/monsters/bat-olitiau'>BATS</a>.,1 swarm of big white sleeping <a href='/monsters/bat-olitiau'>BATS</a>.,1D6 <a href='/monsters/bandits'>VENOM HUNTERS</a> on a mission.
0025,CULTIST,CULTIST,Discordant chanting appears to be getting closer.,TRUE,TRUE,TRUE,TRUE,TRUE,TRUE,TRUE,TRUE,TRUE,FALSE,TRUE,FALSE,TRUE,FALSE,FALSE,FALSE,FALSE,FALSE,FALSE,FALSE,FALSE,<a href='/monsters/cultist'>rdmCULT CULT</a> performing sacrifices for their patron,<a href='/monsters/cultist'>rdmCULT CULT</a> aggressively recruiting new members,<a href='/monsters/cultist'>rdmCULT CULT</a> hunting rare ingredients for a ritual,<a href='/monsters/cultist'>rdmCULT CULT</a> selling weird trinkets,<a href='/monsters/cultist'>rdmCULT CULT</a> that murders those who know too much,<a href='/monsters/cultist'>rdmCULT CULT</a> putting bounties on their ex-members,<a href='/monsters/cultist'>CULTISTS</a>,Hidden temple.,Covered in occult symbols.,Discordant chanting.,Sweating hot.,HERETICAL IDOL,rdmRm.,Grotesque posture. Festering offerings. Curses whoever does not know the password (they have disadvantage on their next save against the cult).,ASCETIC DORMITORY,built room.,Threadbare stacked beds. Prayer alcoves. Utilitarian clay pots.,SINISTER PANTRY,built room.,Pungent amphors. Netted cheese wheels. Decaying limbs. Scurrying rats.,TORTURE CHAMBERS,built room.,Bolted chains. Blood-caked slabs; Festering rags.,TRIAL CHAMBER,built room.,Coal carpet and watchful eye.,BLASPHEMOUS CHAPEL,built room.,Solemn pews; Oozing candles; Summoning circle.,Burning incenses.,Sacrifice altar.,Grotesque statue.,Countless candles.,1D6 tortured captives.,Loud cult chant.,A ritually killed creature propped in the center of the room.,Small rdmMETAL idol worth <a href='/2024/06/26/currency/'>bag of rdmCOIN</a> .,A cruel rdmMETAL dagger.,A cultist vestment.,2D4 praying <a href='/monsters/cultist'>CULTISTS</a>.,2D4 <a href='/monsters/cultist'>CULTISTS</a>.in the middle of a ritual.,1 screaming <a href='/monsters/abyssal-wretch#abyssal-hulk'>ABYSSAL HULK</a>.
0026,CULTIST - Hivemind,HIVEMIND CULTIST,The discordant chanting in your head is getting louder.,FALSE,FALSE,FALSE,FALSE,FALSE,FALSE,FALSE,FALSE,TRUE,FALSE,TRUE,TRUE,FALSE,FALSE,TRUE,FALSE,TRUE,FALSE,FALSE,FALSE,FALSE,<a href='/monsters/cultist#cultist-variants'>STRANGE CULTISTS</a> thinking as one single mind,the <a href='/monsters/cultist#cultist-variants'>FOLLOWERS</a> of a powerful psychic,a <a href='/monsters/cultist#cultist-variants'>NEW CULT</a> awakening psychic powers,<a href='/monsters/cultist#cultist-variants'>CULTISTS</a> selling mind-expanding trinkets,<a href='/monsters/cultist#cultist-variants'>PSY-CULTIST</a> that wipes the minds of those who know too much,<a href='/monsters/cultist#cultist-variants'>HIVEMIND CULTISTS</a> building an elevator,<a href='/monsters/cultist#cultist-variants'>HIVEMIND CULTISTS</a>,Innocuous.,Covered in occult symbols.,Constant telepathic hivemind mantra.,Clinically cold.,COLLECTIVE CONSCIOUSNESS IDOL,rdmRm.,Eye symbols. Curses whoever does not know the password (they have disadvantage on their next save against the cult).,ASCETIC DORMITORY,built room.,Threadbare floor mattresses. Meditation pods. Utilitarian clay pots.,MEDITATION ROOM,built room.,Bare. Incenses burning.,MIND TORTURE CHAMBERS,built room.,Bolted chains. Leather gags. Weird helmets.,MIND TRIAL CHAMBER,built room.,Covered in mirrors. Spawns your greatest fear. No exit until defeated.,HIVEMIND CHAPEL,built room.,Giant eye statue. Circle of ground pillows. Buzzing noise.,Burning incenses.,Lobotomy chair.,Eye statue.,Countless candles.,1D6 mind-wiped captives.,Migraine-inducing frequency.,A comatose cultist lies floating in the room.,Small rdmMETAL idol worth <a href='/2024/06/26/currency/'>bag of rdmCOIN</a> .,A weird rdmMETAL circlet.,A mind cultist's vestment.,2D4 meditating <a href='/monsters/cultist'>HIVEMIND CULTISTS</a>.,2D4 aloof <a href='/monsters/cultist'>HIVEMIND CULTISTS</a> finishing each other's' sentences.,1 screaming <a href='/monsters/abyssal-wretch#abyssal-hulk'>ABYSSAL HULK</a>.
0027,CULTIST - Cannibal,CANNIBAL CULTIST,Discordant chanting appears to be getting closer.,TRUE,FALSE,FALSE,TRUE,TRUE,FALSE,FALSE,TRUE,TRUE,FALSE,FALSE,FALSE,TRUE,TRUE,FALSE,FALSE,FALSE,FALSE,FALSE,FALSE,FALSE,a strange <a href='/monsters/cultist#cultist-variants'>CANNIBAL CULT</a>,<a href='/monsters/cultist#cultist-variants'>DEATH EATERS</a>,<a href='/monsters/cultist#cultist-variants'>CANNIBAL CULTISTS</a> hunting children,<a href='/monsters/cultist#cultist-variants'>CANNIBALS</a> selling body parts,<a href='/monsters/cultist#cultist-variants'>CULTISTS</a> that eat those who know too much,<a href='/monsters/cultist#cultist-variants'>CANNIBAL CULTISTS</a> crafting an abomination,<a href='/monsters/cultist#cultist-variants'>CANNIBAL CULTISTS</a>,Derelict.,Covered in bloodstains.,Smell of blood.,Dank.,GROTESQUE FLESH IDOL,rdmRm.,Made of rotting body parts. Festering offerings. Curses whoever does not know the password (they have disadvantage on their next save against the cult).,FOUL DORMITORY,built room.,Threadbare stacked beds; Silent alcoves; Soiled clay pots.,CANNIBAL PANTRY,built room.,Pungent amphors. Suspicious cured meat. Decaying limbs. Scurrying rats. All infected with <a href='/2024/01/01/ghoul-rabies/'>ghoul rabies</a>.,BUTCHER'S WORKSHOP,built room.,Blood-caked slabs. Rusting ceiling hooks. Festering rags.,TRIAL PIT,built room.,Grotesque fountain infected with <a href='/2024/01/01/ghoul-rabies/'>ghoul rabies</a>. Secret door will only open if drinked.,CANNIBAL CHAPEL,built room.,Stone pews. Sacrifice slab. Torch-lit ominous shadows.,Burning incenses.,Bloody sacrifice altar.,Grotesque bone statue.,Piles of skulls.,Rotting limbs.,Loud cult chant.,A ritually killed creature propped in the center of the room. Half eaten.,1D4 rations infected with  <a href='/2024/01/01/ghoul-rabies/'>ghoul rabies</a>. ,Small rdmMETAL idol worth <a href='/2024/06/26/currency/'>bag of rdmCOIN</a> .,A cruel rdmMETAL cleaver.,2D4 praying <a href='/monsters/cultist'>CANNIBAL CULTISTS</a>.,2D4 eating <a href='/monsters/cultist'>CANNIBAL CULTISTS</a>.,1D4 <a href='/monsters/ghoul'>GHOUL SERVANTS</a>.
0028,CULTIST - Pig,PIG CULTIST,Discordant chanting and squealing appears to be getting closer.,TRUE,FALSE,TRUE,TRUE,FALSE,FALSE,FALSE,TRUE,FALSE,FALSE,FALSE,FALSE,TRUE,FALSE,FALSE,TRUE,FALSE,FALSE,FALSE,FALSE,FALSE,a strange <a href='/monsters/cultist#cultist-variants'>CULT</a> worshipping a pig idol,<a href='/monsters/cultist#cultist-variants'>PIG-MASKED CULTISTS</a> abducting youthful villagers,<a href='/monsters/cultist#cultist-variants'>PIG CULTISTS</a> preparing a decadent feast,<a href='/monsters/cultist#cultist-variants'>PIG CULTISTS</a> selling strange cured meats,<a href='/monsters/cultist#cultist-variants'>CULTISTS</a> that turn those who know too much into pigs,decadent <a href='/monsters/cultist#cultist-variants'>PIG CULTISTS</a>,<a href='/monsters/cultist#cultist-variants'>PIG  CULTISTS</a>,Ramshackle.,Soiled with manure.,Repulsive smell of a pigsty.,Unhygienically damp and hot.,GIANT PIG IDOL,rdmRm.,Grotesque posture. Festering offerings. Curses whoever does not know the password (they have disadvantage on their next save against the cult).,FOUL DORMITORY,built room.,Threadbare stacked beds; Rotting leftovers; Soiled clay pots.,BUTCHER'S PANTRY,built room.,Pungent amphors. Suspicious cured meat. Decaying limbs. Scurrying rats. All infected with <a href='/2024/01/01/ghoul-rabies/'>ghoul rabies</a>.,BUTCHER'S WORKSHOP,built room.,Blood-caked slabs. Rusting ceiling hooks. Festering rags.,TRIAL CHAMBER,built room.,Coal carpet and watchful eye.,DEBAUCHEROUS CHAPEL,built room.,Giant pig face. Overflowing spoiled offerings. Stacks of pillows. ,Burning incenses.,Bloody sacrifice altar.,Grotesque pig statue.,Piles of manure.,Rotting limbs.,Loud cult chant.,A ritually killed creature propped in the center of the room. Half eaten.,1D4 rations infected with  <a href='/2024/01/01/ghoul-rabies/'>ghoul rabies</a>. ,Small rdmMETAL pig idol worth <a href='/2024/06/26/currency/'>bag of rdmCOIN</a> .,A cruel rdmMETAL cleaver.,2D4 praying <a href='/monsters/cultist'>PIG CULTISTS</a>.,2D4 debaucherous  <a href='/monsters/cultist'>PIG CULTISTS</a>.,1 screaming <a href='/monsters/abyssal-wretch#abyssal-hulk'>ABYSSAL HULK</a>.
0029,CULTIST - Tiger,TIGER CULTIST,Discordant chanting and rhythmic bongos appears to be getting closer.,FALSE,FALSE,FALSE,FALSE,TRUE,FALSE,FALSE,FALSE,FALSE,FALSE,FALSE,FALSE,FALSE,FALSE,FALSE,TRUE,FALSE,FALSE,FALSE,FALSE,FALSE,a strange <a href='/monsters/cultist#cultist-variants'>CULT</a> worshipping a tiger idol,<a href='/monsters/cultist#cultist-variants'>TIGER-MASKED CULTISTS</a> abducting village leaders,<a href='/monsters/cultist#cultist-variants'>TIGER CULTISTS</a> hiding in the shadows,<a href='/monsters/cultist#cultist-variants'>TIGER CULTISTS</a> selling weapons and poisons,<a href='/monsters/cultist#cultist-variants'>TIGER CULTISTS</a> that assassinate those who know too much,decadent <a href='/monsters/cultist#cultist-variants'>CULTISTS</a> worshipping a RAKSHASA,<a href='/monsters/cultist'>TIGER CULTISTS</a>,Hidden in the jungle.,Rope-bound raw wood boards.,Overbearing smell of incenses.,Tropical.,GIANT TIGER IDOL,rdmRm.,Majestic posture. Festering offerings. Curses whoever does not know the password (they have disadvantage on their next save against the cult).,TREETOP DORMITORY,built room.,Hamacs stacked beds. Prayer alcoves. Utilitarian clay pots.,CANNIBAL PANTRY,built room.,Pungent amphors. Suspicious cured meat. Decaying limbs. Scurrying rats. All infected with <a href='/2024/01/01/ghoul-rabies/'>ghoul rabies</a>.,TORTURE CHAMBERS,built room.,Bolted chains. Blood-caked slabs; Festering rags.,TRIAL CHAMBER,built room.,Coal carpet and watchful eye.,TIGER CHAPEL,built room.,Giant tiger face. Burning braziers. Giant offering bowl.,Burning incenses.,Sacrifice altar.,Grotesque tiger statue.,Impaled heads.,1D6 tortured captives.,Loud cult chant.,A ritually killed creature propped in the center of the room.,Small rdmMETAL tiger idol worth <a href='/2024/06/26/currency/'>bag of rdmCOIN</a> .,A pair of rdmMETAL claws.,A tiger pelt vestment.,2D4 praying <a href='/monsters/cultist'>TIGER CULTISTS</a>.,2D4 hiding <a href='/monsters/cultist'>TIGER CULTISTS</a>.,1 prowling <a href='/monsters/cat-sabertooth'>TIGER</a>.
0030,CULTIST - Dream,DREAM CULTIST,Harmonious chanting appears to be getting closer.,FALSE,TRUE,TRUE,FALSE,TRUE,FALSE,FALSE,FALSE,TRUE,FALSE,FALSE,FALSE,FALSE,FALSE,FALSE,TRUE,FALSE,FALSE,FALSE,FALSE,FALSE,<a href='/monsters/cultist#cultist-variants'>CULTISTS</a> worshipping voices in their dreams,<a href='/monsters/cultist#cultist-variants'>DRUGGED-OUT CULTISTS</a> sowing chaos,<a href='/monsters/cultist#cultist-variants'>DREAM CULTISTS</a> harvesting hallucinogenic plants,<a href='/monsters/cultist#cultist-variants'>DREAM CULTISTS</a> selling drugs,<a href='/monsters/cultist#cultist-variants'>DREAM CULTISTS</a> driving mad those who know too much,friendly <a href='/monsters/cultist#cultist-variants'>DREAM CULTISTS</a>,<a href='/monsters/cultist#cultist-variants'>DREAM CULTISTS</a>,Open.,Draped and beaded.,Pungent smell of incenses.,Comfortable.,PSYCHEDELIC IDOL,rdmRm.,Abstract. Festering offerings. Curses whoever does not know the password (they have disadvantage on their next save against the cult).,COMFORTABLE DORMITORY,built room.,Cushiony beds. Prayer alcoves. Utilitarian clay pots.,DRUG PANTRY,built room.,Pungent amphors. Suspicious dried leaves. Macerating barrels.,DREAM DEN,built room.,Hookahs. Thick mattresses. Tinted lanterns.,TRIAL CHAMBER,built room.,Coal carpet and watchful eye.,DREAM CHAPEL,built room.,Colourful. Multitude of paper lanterns. Giant plant.,Burning incenses.,Flower altar.,Colourful abstract sculpture.,Paper lanterns.,1D6 mind-wiped captives.,Loud cult chant.,A comatose cultist lies floating in the room.,1D4 dose of a weird <a href='https://madgods.bearblog.dev/some-fantasy-drugs/'>drug</a>.,Small rdmMETAL colourful idol worth <a href='/2024/06/26/currency/'>bag of rdmCOIN</a> .,A special incense allowing to cast the <a href='/2020/11/13/dream/'>dream spell</a> once.,2D4 praying <a href='/monsters/cultist'>DRUG CULTISTS</a>.,2D4 tripping <a href='/monsters/cultist'>DRUG CULTISTS</a>.,1D6 tripping commoners.
0031,HAG - Night,NIGHT HAG,A woman's coarse cackling can be heard from beyond this room. It is getting closer.,TRUE,FALSE,TRUE,TRUE,TRUE,FALSE,FALSE,TRUE,FALSE,FALSE,FALSE,FALSE,FALSE,FALSE,FALSE,TRUE,FALSE,FALSE,FALSE,FALSE,FALSE,a children-eating <a href='/monsters/hag-night'>HAG</a>,a <a href='/monsters/hag-night'>HAG</a> selling cursed potions to desperate people,three <a href='/monsters/hag-night'>HAG SISTERS</a> that can predict the future,a wise yet cruel <a href='/monsters/hag-night'>HAG</a> in a roving chicken hut ,a mysterious <a href='/monsters/hag-night'>OLD WOMAN</a> protecting a village from calamity,a <a href='/monsters/hag-night'>WISE WOMAN</a> that can cure all illnesses,a <a href='/monsters/hag-night'>HAG</a>,Ominously cozy.,Cottagey.,Persistent smell of pie.,Comfortably warm.,WEAVER'S WORKSHOP,built room.,Creaking spinning wheel. Disturbing half-finished tapestry of your demise. Colourful yarn mounds.,COTTAGE BEDROOM,built room.,Horrid handwoven bedding. Cozy hearth. Fluttering moths. Decapitated head arts and craft.,WELL-STOCKED PANTRY,built room.,Giant cured meat. Cooling savoury pies. Bloated flour bags.,COZY GARDEN,outdoor space.,Sprawling <a href='/monsters/blindfire-vine'>vines</a>. Bulbous gourds. Freshly turned earth.,NEGLECTED BASEMENT,built room.,arren dust floor. Dark and still atmosphere. Countless hand-prints on the walls.,JUMBLED KITCHEN,built room.,Maze of jars and pots. Hung dried animals. Cozy heat. Alarming smell. Boiling giant cauldron.,A wooden rocking chair.,A curious <a href='/monsters/cat'>cat</a>.,Hanging kitchen cauldrons.,Food hung to dry.,A weird wicker hanging figurine.,A kid turned into a pig.,A single children shoe lies on the floor as if recently dropped.,1D4 random <a href='https://goblinpunch.blogspot.com/2016/05/the-glog-alchemy-and-oozes.html'>potions</a>.,Roll on the <a href='/monsters/hag-night'>hag loot table</a> twice.,1D4 enchanted pies (they make you sleep 24 hours).,A horrible <a href='/monsters/hag-night'>HAG</a>.,A nice little <a href='/monsters/hag-night'>OLD WOMAN</a>.,A <a href='/monsters/animated-rug'>RUG OF SMOTHERING</a>.
0032,FISH,GIANT FISH,There is movement in the water. It is coming towards you.,FALSE,FALSE,FALSE,FALSE,FALSE,FALSE,FALSE,TRUE,FALSE,TRUE,TRUE,FALSE,FALSE,FALSE,FALSE,FALSE,FALSE,FALSE,FALSE,FALSE,TRUE,glutinous <a href='/monsters/fish'>GIANT FISHES</a>,migratory <a href='/monsters/fish'>GIANT FISHES</a>,stupid <a href='/monsters/fish'>GIANT FISHES</a>,<a href='/monsters/fish'>GIANT FISH</a>,ugly <a href='/monsters/fish'>GIANT FISHES</a> that love polluted waters,a sacred <a href='/monsters/fish'>GIANT FISH</a>,<a href='/monsters/fish'>GIANT FISH</a>,Flooded under 4 feet of water.,River edges.,Sound of running water.,Fresh.,TRANQUIL LAKE,outdoor space.,Opaque brown water. Droning insects. ,SEAWEED FOREST,outdoor space.,Swaying semitransluscent kelp. Hiding fishes.,SHELLFISH ROCK,outdoor space.,Barnacled. Extremely sharp. Emerging from deep dark frigid water.,DERELICT FERRY CROSSING,outdoor space.,Reed-lined river; Rotting boardwalk; Knee-deep mud; Rope linking two derelict docks.,UNDERWATER TUNNEL,natural cave.,Naturally carved; takes 8 rounds to swim through; Deeply dark.,FLOODED CISTERN,built room.,Rows of ancient stone pillars. Deep and dark water. Echo.,Access to the lake.,Waterfall.,Rotting docks.,Freshwater pool.,Occasional splashes.,Dead fishes.,A <a href='/monsters/fish'>school of fishes</a> quivering in a deep pool.,Small rowboat. No oars.,A <a href='/2024/06/26/currency/'>purse of rdmCOIN</a> at the bottom of the water. .,A rusty rdmWEAPONs underwater.,1 hungry <a href='/monsters/fish'>GIANT FISH</a>.,1 hiding <a href='/monsters/fish'>GIANT FISH</a>.,A distracting <a href='/monsters/fish'>school of fishes</a>.
0033,ZOMBIE,ZOMBIE,,,,,,,,,,,,,,,,,,,,,,,,,,,,,,,,,,,,,,,,,,,,,,,,,,,,,,,,,,,,,,,,
0034,TOMB GUARD,TOMB GUARD,,,,,,,,,,,,,,,,,,,,,,,,,,,,,,,,,,,,,,,,,,,,,,,,,,,,,,,,,,,,,,,,
0035,BOUNTY HUNTER,BOUNTY HUNTER,,,,,,,,,,,,,,,,,,,,,,,,,,,,,,,,,,,,,,,,,,,,,,,,,,,,,,,,,,,,,,,,
0036,DIMENSIONAL VERMIN,DIMENSIONAL VERMIN,,,,,,,,,,,,,,,,,,,,,,,,,,,,,,,,,,,,,,,,,,,,,,,,,,,,,,,,,,,,,,,,
0037,CHAOS EATER,CHAOS EATER,,,,,,,,,,,,,,,,,,,,,,,,,,,,,,,,,,,,,,,,,,,,,,,,,,,,,,,,,,,,,,,,
0038,LEMURE,LEMURE,,,,,,,,,,,,,,,,,,,,,,,,,,,,,,,,,,,,,,,,,,,,,,,,,,,,,,,,,,,,,,,,
0039,MANES,MANES,,,,,,,,,,,,,,,,,,,,,,,,,,,,,,,,,,,,,,,,,,,,,,,,,,,,,,,,,,,,,,,,